{
  "regression": {
    "Ridge": {
      "CV_RMSE_mean": 106.79916834884946,
      "CV_RMSE_std": 6.655984767030581,
      "Test_RMSE": 103.0284481608342,
      "Test_MAE": 83.40317451645551,
      "Test_R2": 0.9217919617825179,
      "Test_MAPE": 13.237994040918283
    },
    "Lasso": {
      "CV_RMSE_mean": 106.52878139125451,
      "CV_RMSE_std": 6.856662784937407,
      "Test_RMSE": 102.63224985276015,
      "Test_MAE": 82.95467228293465,
      "Test_R2": 0.9223923069198944,
      "Test_MAPE": 13.181668447506686
    },
    "DecisionTree": {
      "CV_RMSE_mean": 145.7243315938546,
      "CV_RMSE_std": 8.723657072202025,
      "Test_RMSE": 137.3297650485798,
      "Test_MAE": 110.78440652816599,
      "Test_R2": 0.8610474793825781,
      "Test_MAPE": 17.871497684525213
    },
    "RandomForest": {
      "CV_RMSE_mean": 92.04118240252679,
      "CV_RMSE_std": 5.97970707943755,
      "Test_RMSE": 78.60497319421734,
      "Test_MAE": 59.76511222495028,
      "Test_R2": 0.9544763450277549,
      "Test_MAPE": 10.933166707641906
    },
    "GBM": {
      "CV_RMSE_mean": 66.36069386760893,
      "CV_RMSE_std": 4.270213473508514,
      "Test_RMSE": 56.920855125475676,
      "Test_MAE": 43.71865929826848,
      "Test_R2": 0.9761284891351006,
      "Test_MAPE": 7.861358880924378
    },
    "ExtraTrees": {
      "CV_RMSE_mean": 86.75726612111262,
      "CV_RMSE_std": 7.945336831265482,
      "Test_RMSE": 70.28294520242333,
      "Test_MAE": 53.92144943539068,
      "Test_R2": 0.9636053975473142,
      "Test_MAPE": 10.25132252771958
    },
    "SVR": {
      "CV_RMSE_mean": 203.6762920246826,
      "CV_RMSE_std": 14.689469721372934,
      "Test_RMSE": 160.12178025529954,
      "Test_MAE": 123.07728151096914,
      "Test_R2": 0.8110974174844767,
      "Test_MAPE": 27.291546770247948
    },
    "KNN": {
      "CV_RMSE_mean": 124.39760312448345,
      "CV_RMSE_std": 4.6100646825951275,
      "Test_RMSE": 126.30799748040253,
      "Test_MAE": 102.55698216321373,
      "Test_R2": 0.8824564576161177,
      "Test_MAPE": 20.040132113404468
    },
    "XGBoost": {
      "CV_RMSE_mean": 86.80707793482716,
      "CV_RMSE_std": 8.038280543085262,
      "Test_RMSE": 76.67680582222428,
      "Test_MAE": 58.7913905511443,
      "Test_R2": 0.9566823287464873,
      "Test_MAPE": 10.550113425564914
    }
  },
  "classification": {
    "LogisticReg": {
      "CV_F1_mean": 0.9330046188366952,
      "CV_F1_std": 0.025085384042541403,
      "Accuracy": 0.8791666666666667,
      "Precision": 0.936,
      "Recall": 0.8478260869565217,
      "F1": 0.8897338403041825,
      "ROC_AUC": 0.9584398976982097
    },
    "DecisionTree": {
      "CV_F1_mean": 0.9044030453688723,
      "CV_F1_std": 0.0107342448422725,
      "Accuracy": 0.85,
      "Precision": 0.9047619047619048,
      "Recall": 0.8260869565217391,
      "F1": 0.8636363636363636,
      "ROC_AUC": 0.853367433930094
    },
    "RandomForest": {
      "CV_F1_mean": 0.9410216719515034,
      "CV_F1_std": 0.017299360892777588,
      "Accuracy": 0.8958333333333334,
      "Precision": 0.9312977099236641,
      "Recall": 0.8840579710144928,
      "F1": 0.9070631970260223,
      "ROC_AUC": 0.9771952259164536
    },
    "GBM": {
      "CV_F1_mean": 0.945658869347999,
      "CV_F1_std": 0.012138809523573347,
      "Accuracy": 0.9333333333333333,
      "Precision": 0.9621212121212122,
      "Recall": 0.9202898550724637,
      "F1": 0.9407407407407408,
      "ROC_AUC": 0.9844416027280477
    },
    "SVC": {
      "CV_F1_mean": 0.9384968343439855,
      "CV_F1_std": 0.012581566293056672,
      "Accuracy": 0.9083333333333333,
      "Precision": 0.953125,
      "Recall": 0.8840579710144928,
      "F1": 0.9172932330827067,
      "ROC_AUC": 0.9797527706734868
    },
    "KNN": {
      "CV_F1_mean": 0.9243084728564182,
      "CV_F1_std": 0.024472120552600382,
      "Accuracy": 0.8708333333333333,
      "Precision": 0.9212598425196851,
      "Recall": 0.8478260869565217,
      "F1": 0.8830188679245283,
      "ROC_AUC": 0.9581912475134982
    },
    "XGBoost": {
      "CV_F1_mean": 0.9499303450916354,
      "CV_F1_std": 0.010020437350296944,
      "Accuracy": 0.9333333333333333,
      "Precision": 0.9485294117647058,
      "Recall": 0.9347826086956522,
      "F1": 0.9416058394160584,
      "ROC_AUC": 0.9845836885478829
    }
  },
  "best_reg": "GBM",
  "best_clf": "XGBoost",
  "pinn": {
    "available": true,
    "R2": 0.9732012554688686,
    "RMSE": 60.309910877825224,
    "MAE": 48.347485152486136,